year,Abortions,Non-abortion services
2006,0.28975,2.007371
2007,0.30531,1.90085
2009,0.331796,1.830811
2010,0.329445,1.596741
2011,0.333964,1.30757
2012,0.327166,1.12158
2013,0.327653,0.935573
